<datos>
  <personaje>
    <code>01</code>
    <data>
      <species>human</species>
      <gender>male</gender>
      <house>Gryffindor</house>
      <dateOfBirth>31-07-1980</dateOfBirth>
      <yearOfBirth>1980</yearOfBirth>
      <ancestry>half-blood</ancestry>
      <eyeColour>green</eyeColour>
      <hairColour>black</hairColour>
      <wand>
        <wood>holly</wood>
        <core>phoenix feather</core>
        <length>11</length>
      </wand>
      <patronus>stag</patronus>
      <hogwartsStudent>true</hogwartsStudent>
      <hogwartsStaff>false</hogwartsStaff>
      <actor>Daniel Radcliffe</actor>
      <alive>true</alive>
      <image>images/harry.jpg</image>
    </data>
  </personaje>

  <personaje>
    <code>02</code>
    <data>
      <species>human</species>
      <gender>female</gender>
      <house>Gryffindor</house>
      <dateOfBirth>19-09-1979</dateOfBirth>
      <yearOfBirth>1979</yearOfBirth>
      <ancestry>muggleborn</ancestry>
      <eyeColour>brown</eyeColour>
      <hairColour>brown</hairColour>
      <wand>
        <wood>vine</wood>
        <core>dragon heartstring</core>
        <length></length>
      </wand>
      <patronus>otter</patronus>
      <hogwartsStudent>true</hogwartsStudent>
      <hogwartsStaff>false</hogwartsStaff>
      <actor>Emma Watson</actor>
      <alive>true</alive>
      <image>images/hermione.jpg</image>
    </data>
  </personaje>

  <personaje>
    <code>03</code>
    <data>
      <species>human</species>
      <gender>male</gender>
      <house>Gryffindor</house>
      <dateOfBirth>01-03-1980</dateOfBirth>
      <yearOfBirth>1980</yearOfBirth>
      <ancestry>pure-blood</ancestry>
      <eyeColour>blue</eyeColour>
      <hairColour>red</hairColour>
      <wand>
        <wood>willow</wood>
        <core>unicorn tail-hair</core>
        <length>14</length>
      </wand>
      <patronus>Jack Russell terrier</patronus>
      <hogwartsStudent>true</hogwartsStudent>
      <hogwartsStaff>false</hogwartsStaff>
      <actor>Rupert Grint</actor>
      <alive>true</alive>
      <image>images/ron.jpg</image>
    </data>
  </personaje>

  <personaje>
    <code>04</code>
    <data>
      <species>human</species>
      <gender>male</gender>
      <house>Slytherin</house>
      <dateOfBirth>05-06-1980</dateOfBirth>
      <yearOfBirth>1980</yearOfBirth>
      <ancestry>pure-blood</ancestry>
      <eyeColour>grey</eyeColour>
      <hairColour>blonde</hairColour>
      <wand>
        <wood>hawthorn</wood>
        <core>unicorn tail-hair</core>
        <length>10</length>
      </wand>
      <patronus></patronus>
      <hogwartsStudent>true</hogwartsStudent>
      <hogwartsStaff>false</hogwartsStaff>
      <actor>Tom Felton</actor>
      <alive>true</alive>
      <image>images/draco.jpg</image>
    </data>
  </personaje>

  <personaje>
    <code>05</code>
    <data>
      <species>human</species>
      <gender>female</gender>
      <house>Gryffindor</house>
      <dateOfBirth>04-10-1925</dateOfBirth>
      <yearOfBirth>1925</yearOfBirth>
      <ancestry></ancestry>
      <eyeColour></eyeColour>
      <hairColour>black</hairColour>
      <wand>
        <wood></wood>
        <core></core>
        <length></length>
      </wand>
      <patronus>tabby cat</patronus>
      <hogwartsStudent>false</hogwartsStudent>
      <hogwartsStaff>true</hogwartsStaff>
      <actor>Dame Maggie Smith</actor>
      <alive>true</alive>
      <image>images/mcgonagall.jpg</image>
    </data>
  </personaje>

  <personaje>
    <code>06</code>
    <data>
      <species>human</species>
      <gender>male</gender>
      <house>Hufflepuff</house>
      <dateOfBirth></dateOfBirth>
      <yearOfBirth>1977</yearOfBirth>
      <ancestry></ancestry>
      <eyeColour>grey</eyeColour>
      <hairColour>brown</hairColour>
      <wand>
        <wood>ash</wood>
        <core>unicorn hair</core>
        <length>12.25</length>
      </wand>
      <patronus></patronus>
      <hogwartsStudent>true</hogwartsStudent>
      <hogwartsStaff>false</hogwartsStaff>
      <actor>Robert Pattinson</actor>
      <alive>false</alive>
      <image>images/cedric.jpg</image>
    </data>
  </personaje>

  <personaje>
    <code>07</code>
    <data>
      <species>human</species>
      <gender>female</gender>
      <house>Ravenclaw</house>
      <dateOfBirth></dateOfBirth>
      <yearOfBirth></yearOfBirth>
      <ancestry></ancestry>
      <eyeColour>brown</eyeColour>
      <hairColour>black</hairColour>
      <wand>
        <wood></wood>
        <core></core>
        <length></length>
      </wand>
      <patronus>swan</patronus>
      <hogwartsStudent>true</hogwartsStudent>
      <hogwartsStaff>false</hogwartsStaff>
      <actor>Katie Leung</actor>
      <alive>true</alive>
      <image>images/cho.jpg</image>
    </data>
  </personaje>

  <personaje>
    <code>08</code>
    <data>
      <species>human</species>
      <gender>male</gender>
      <house>Slytherin</house>
      <dateOfBirth>09-01-1960</dateOfBirth>
      <yearOfBirth>1960</yearOfBirth>
      <ancestry>half-blood</ancestry>
      <eyeColour>black</eyeColour>
      <hairColour>black</hairColour>
      <wand>
        <wood></wood>
        <core></core>
        <length></length>
      </wand>
      <patronus>doe</patronus>
      <hogwartsStudent>false</hogwartsStudent>
      <hogwartsStaff>true</hogwartsStaff>
      <actor>Alan Rickman</actor>
      <alive>false</alive>
      <image>images/snape.jpg</image>
    </data>
  </personaje>

  <personaje>
    <code>09</code>
    <data>
      <species>half-giant</species>
      <gender>male</gender>
      <house>Gryffindor</house>
      <dateOfBirth>06-12-1928</dateOfBirth>
      <yearOfBirth>1928</yearOfBirth>
      <ancestry>half-blood</ancestry>
      <eyeColour>black</eyeColour>
      <hairColour>black</hairColour>
      <wand>
        <wood>oak</wood>
        <core></core>
        <length>16</length>
      </wand>
      <patronus></patronus>
      <hogwartsStudent>false</hogwartsStudent>
      <hogwartsStaff>true</hogwartsStaff>
      <actor>Robbie Coltrane</actor>
      <alive>true</alive>
      <image>images/hagrid.jpg</image>
    </data>
  </personaje>

  <personaje>
    <code>10</code>
    <data>
      <species>human</species>
      <gender>male</gender>
      <house>Gryffindor</house>
      <dateOfBirth>30-07-1980</dateOfBirth>
      <yearOfBirth>1980</yearOfBirth>
      <ancestry>pure-blood</ancestry>
      <eyeColour></eyeColour>
      <hairColour>blonde</hairColour>
      <wand>
        <wood>cherry</wood>
        <core>unicorn tail-hair</core>
        <length>13</length>
      </wand>
      <patronus></patronus>
      <hogwartsStudent>true</hogwartsStudent>
      <hogwartsStaff>false</hogwartsStaff>
      <actor>Matthew Lewis</actor>
      <alive>true</alive>
      <image>images/neville.jpg</image>
    </data>
  </personaje>

  <personaje>
    <code>11</code>
    <data>
      <species>human</species>
      <gender>female</gender>
      <house>Ravenclaw</house>
      <dateOfBirth>13-02-1981</dateOfBirth>
      <yearOfBirth>1981</yearOfBirth>
      <ancestry></ancestry>
      <eyeColour>grey</eyeColour>
      <hairColour>blonde</hairColour>
      <wand>
        <wood></wood>
        <core></core>
        <length></length>
      </wand>
      <patronus>hare</patronus>
      <hogwartsStudent>true</hogwartsStudent>
      <hogwartsStaff>false</hogwartsStaff>
      <actor>Evanna Lynch</actor>
      <alive>true</alive>
      <image>images/luna.jpg</image>
    </data>
  </personaje>

  <personaje>
    <code>12</code>
    <data>
      <species>human</species>
      <gender>female</gender>
      <house>Gryffindor</house>
      <dateOfBirth>11-08-1981</dateOfBirth>
      <yearOfBirth>1981</yearOfBirth>
      <ancestry>pure-blood</ancestry>
      <eyeColour>brown</eyeColour>
      <hairColour>red</hairColour>
      <wand>
        <wood>yew</wood>
        <core></core>
        <length></length>
      </wand>
      <patronus>horse</patronus>
      <hogwartsStudent>true</hogwartsStudent>
      <hogwartsStaff>false</hogwartsStaff>
      <actor>Bonnie Wright</actor>
      <alive>true</alive>
      <image>images/ginny.jpg</image>
    </data>
  </personaje>

  <personaje>
    <code>13</code>
    <data>
      <species>human</species>
      <gender>male</gender>
      <house>Gryffindor</house>
      <dateOfBirth>03-11-1959</dateOfBirth>
      <yearOfBirth>1959</yearOfBirth>
      <ancestry>pure-blood</ancestry>
      <eyeColour>grey</eyeColour>
      <hairColour>black</hairColour>
      <wand>
        <wood></wood>
        <core></core>
        <length></length>
      </wand>
      <patronus>hare</patronus>
      <hogwartsStudent>false</hogwartsStudent>
      <hogwartsStaff>false</hogwartsStaff>
      <actor>Gary Oldman</actor>
      <alive>false</alive>
      <image>images/sirius.JPG</image>
    </data>
  </personaje>

  <personaje>
    <code>14</code>
    <data>
      <species>werewolf</species>
      <gender>male</gender>
      <house>Gryffindor</house>
      <dateOfBirth>10-03-1960</dateOfBirth>
      <yearOfBirth>1960</yearOfBirth>
      <ancestry>half-blood</ancestry>
      <eyeColour>green</eyeColour>
      <hairColour>brown</hairColour>
      <wand>
        <wood>cypress</wood>
        <core>unicorn tail-hair</core>
        <length>10.25</length>
      </wand>
      <patronus>wolf</patronus>
      <hogwartsStudent>false</hogwartsStudent>
      <hogwartsStaff>true</hogwartsStaff>
      <actor>David Thewlis</actor>
      <alive>false</alive>
      <image>images/lupin.jpg</image>
    </data>
  </personaje>

  <personaje>
    <code>15</code>
    <data>
      <species>human</species>
      <gender>male</gender>
      <house>Gryffindor</house>
      <dateOfBirth>06-02-1950</dateOfBirth>
      <yearOfBirth>1950</yearOfBirth>
      <ancestry>pure-blood</ancestry>
      <eyeColour>blue</eyeColour>
      <hairColour>red</hairColour>
      <wand>
        <wood></wood>
        <core></core>
        <length></length>
      </wand>
      <patronus>weasel</patronus>
      <hogwartsStudent>false</hogwartsStudent>
      <hogwartsStaff>false</hogwartsStaff>
      <actor>Mark Williams</actor>
      <alive>true</alive>
      <image>images/arthur.jpg</image>
    </data>
  </personaje>

  <personaje>
    <code>16</code>
    <data>
      <species>human</species>
      <gender>female</gender>
      <house>Slytherin</house>
      <dateOfBirth></dateOfBirth>
      <yearOfBirth>1951</yearOfBirth>
      <ancestry>pure-blood</ancestry>
      <eyeColour>brown</eyeColour>
      <hairColour>black</hairColour>
      <wand>
        <wood>walnut</wood>
        <core>dragon heartstring</core>
        <length>12.75</length>
      </wand>
      <patronus></patronus>
      <hogwartsStudent>false</hogwartsStudent>
      <hogwartsStaff>false</hogwartsStaff>
      <actor>Helena Bonham Carter</actor>
      <alive>false</alive>
      <image>images/bellatrix.jpg</image>
    </data>
  </personaje>

  <personaje>
    <code>17</code>
    <data>
      <species>human</species>
      <gender>male</gender>
      <house>Slytherin</house>
      <dateOfBirth>31-12-1926</dateOfBirth>
      <yearOfBirth>1926</yearOfBirth>
      <ancestry>half-blood</ancestry>
      <eyeColour>red</eyeColour>
      <hairColour>bald</hairColour>
      <wand>
        <wood>yew</wood>
        <core>phoenix feather</core>
        <length>13.5</length>
      </wand>
      <patronus></patronus>
      <hogwartsStudent>false</hogwartsStudent>
      <hogwartsStaff>false</hogwartsStaff>
      <actor>Ralph Fiennes</actor>
      <alive>false</alive>
      <image>images/voldemort.jpg</image>
    </data>
  </personaje>

  <personaje>
    <code>18</code>
    <data>
      <species>human</species>
      <gender>male</gender>
      <house>Slytherin</house>
      <dateOfBirth></dateOfBirth>
      <yearOfBirth></yearOfBirth>
      <ancestry>pure-blood</ancestry>
      <eyeColour>green</eyeColour>
      <hairColour>blonde</hairColour>
      <wand>
        <wood>cedar</wood>
        <core>dragon heartstring</core>
        <length>10.25</length>
      </wand>
      <patronus></patronus>
      <hogwartsStudent>false</hogwartsStudent>
      <hogwartsStaff>true</hogwartsStaff>
      <actor>Jim Broadbent</actor>
      <alive>true</alive>
      <image>images/slughorn.JPG</image>
    </data>
  </personaje>

  <personaje>
    <code>19</code>
    <data>
      <species>human</species>
      <gender>male</gender>
      <house></house>
      <dateOfBirth></dateOfBirth>
      <yearOfBirth></yearOfBirth>
      <ancestry>pure-blood</ancestry>
      <eyeColour>brown</eyeColour>
      <hairColour>brown</hairColour>
      <wand>
        <wood></wood>
        <core></core>
        <length></length>
      </wand>
      <patronus>lynx</patronus>
      <hogwartsStudent>false</hogwartsStudent>
      <hogwartsStaff>false</hogwartsStaff>
      <actor>George Harris</actor>
      <alive>true</alive>
      <image>images/kingsley.jpg</image>
    </data>
  </personaje>

  <personaje>
    <code>20</code>
    <data>
      <species>human</species>
      <gender>female</gender>
      <house>Slytherin</house>
      <dateOfBirth></dateOfBirth>
      <yearOfBirth></yearOfBirth>
      <ancestry>half-blood</ancestry>
      <eyeColour>brown</eyeColour>
      <hairColour>grey</hairColour>
      <wand>
        <wood>birch</wood>
        <core>dragon heartstring</core>
        <length>8</length>
      </wand>
      <patronus>persian cat</patronus>
      <hogwartsStudent>false</hogwartsStudent>
      <hogwartsStaff>true</hogwartsStaff>
      <actor>Imelda Staunton</actor>
      <alive>true</alive>
      <image>images/umbridge.jpg</image>
    </data>
  </personaje>

  <personaje>
    <code>21</code>
    <data>
      <species>human</species>
      <gender>male</gender>
      <house>Slytherin</house>
      <dateOfBirth></dateOfBirth>
      <yearOfBirth>1954</yearOfBirth>
      <ancestry>pure-blood</ancestry>
      <eyeColour>grey</eyeColour>
      <hairColour>blonde</hairColour>
      <wand>
        <wood>elm</wood>
        <core>dragon heartstring</core>
        <length>18</length>
      </wand>
      <patronus></patronus>
      <hogwartsStudent>false</hogwartsStudent>
      <hogwartsStaff>false</hogwartsStaff>
      <actor>Jason Isaacs</actor>
      <alive>true</alive>
      <image>images/lucius.jpg</image>
    </data>
  </personaje>

  <personaje>
    <code>22</code>
    <data>
      <species>human</species>
      <gender>male</gender>
      <house>Slytherin</house>
      <dateOfBirth></dateOfBirth>
      <yearOfBirth></yearOfBirth>
      <ancestry>pure-blood</ancestry>
      <eyeColour>black</eyeColour>
      <hairColour>black</hairColour>
      <wand>
        <wood></wood>
        <core></core>
        <length></length>
      </wand>
      <patronus></patronus>
      <hogwartsStudent>true</hogwartsStudent>
      <hogwartsStaff>false</hogwartsStaff>
      <actor>Jamie Waylett</actor>
      <alive>false</alive>
      <image>images/crabbe.jpg</image>
    </data>
  </personaje>

  <personaje>
    <code>23</code>
    <data>
      <species>human</species>
      <gender>male</gender>
      <house>Slytherin</house>
      <dateOfBirth></dateOfBirth>
      <yearOfBirth></yearOfBirth>
      <ancestry>pure-blood</ancestry>
      <eyeColour></eyeColour>
      <hairColour>brown</hairColour>
      <wand>
        <wood></wood>
        <core></core>
        <length></length>
      </wand>
      <patronus></patronus>
      <hogwartsStudent>true</hogwartsStudent>
      <hogwartsStaff>false</hogwartsStaff>
      <actor>Josh Herdman</actor>
      <alive>true</alive>
      <image>images/goyle.jpg</image>
    </data>
  </personaje>

  <personaje>
    <code>24</code>
    <data>
      <species>cat</species>
      <gender>female</gender>
      <house></house>
      <dateOfBirth></dateOfBirth>
      <yearOfBirth></yearOfBirth>
      <ancestry></ancestry>
      <eyeColour>yellow</eyeColour>
      <hairColour>brown</hairColour>
      <wand>
        <wood></wood>
        <core></core>
        <length></length>
      </wand>
      <patronus></patronus>
      <hogwartsStudent>false</hogwartsStudent>
      <hogwartsStaff>true</hogwartsStaff>
      <actor>Maxime, Alanis and Tommy the cats</actor>
      <alive>true</alive>
      <image>images/norris.JPG</image>
    </data>
  </personaje>

  <personaje>
    <code>25</code>
    <data>
      <species>human</species>
      <gender>male</gender>
      <house></house>
      <dateOfBirth></dateOfBirth>
      <yearOfBirth></yearOfBirth>
      <ancestry>squib</ancestry>
      <eyeColour></eyeColour>
      <hairColour>grey</hairColour>
      <wand>
        <wood></wood>
        <core></core>
        <length></length>
      </wand>
      <patronus></patronus>
      <hogwartsStudent>false</hogwartsStudent>
      <hogwartsStaff>true</hogwartsStaff>
      <actor>David Bradley</actor>
      <alive>true</alive>
      <image>images/filch.jpg</image>
    </data>
  </personaje>

</datos>
